Comfort Fit,"Plot No 4, Kukatpally, Hyderabad - 500072",
New Zeal Clothiers & Tailor..,"House No 3-5-1090/13, Narayanguda Main Road, Narayanguda, Hyderabad - 500029, Opposite YMCA Police Station, Pillar No 24",
Flora Mens Tailors,"Shop No 14 & 19, Main Road Bombay Highway, Madinaguda, Hyderabad - 500049, Beside Airtel Office, Near HDFC Bank",
Vijay Master Tailors,"House No 37-93-71/5, Madhura Nagar, Road No. 3 Main Road, Neredmet, Hyderabad - 500056, Opposite Ganesh Temple",
Annula Womens World Clothin..,"101, Plot No 6 & 7, Annapurna Arcade, Main Road, AS Rao Nagar, Hyderabad - 500062, Beside Bar9, AS Rao Nagar Bus Stop",
Kbr Designers,"Door No 6-1-344/16, Padmaraonagar Main Road, Padmarao Nagar, Hyderabad - 500025, Beside Enjoy Bakery",
Ultimo Fashions,"Shop No 31, Basement Floor, M G Road, Akbar Road, Hyderabad - 500003, Opposite To Chermas",
Abhi Boutique,"Plot No.4-111/1, Mettle Gym Bulding., Rampally X Road, Rampally X Road, Hyderabad - 500083, Near Rampally X Road, Mettle Gym Buliding",
Eleghant Tailor,"Ground Floor Eleghant Building, Kanchan Bagh, Santosh Nagar, Hyderabad - 500059, Near Drdl Gate",
Sreeman Mens Tailor,"Shop No 1,Emerald House, S D Road, Secunderabad, Secunderabad - 500003, Beside Hotel Parklane",
Comfort Fit,"Plot No 4, Kukatpally, Hyderabad - 500072",
New Zeal Clothiers & Tailor..,"House No 3-5-1090/13, Narayanguda Main Road, Narayanguda, Hyderabad - 500029, Opposite YMCA Police Station, Pillar No 24",
Vijay Master Tailors,"House No 37-93-71/5, Madhura Nagar, Road No. 3 Main Road, Neredmet, Hyderabad - 500056, Opposite Ganesh Temple",
Gorgeous Boutique & Tailori..,"#10-2-257, Street No.5, West Marredpally, Hyderabad - 500026, Opp Secunderabad Nursing Home",
Flora Mens Tailors,"Shop No 14 & 19, Main Road Bombay Highway, Madinaguda, Hyderabad - 500049, Beside Airtel Office, Near HDFC Bank",
Kbr Designers,"Door No 6-1-344/16, Padmaraonagar Main Road, Padmarao Nagar, Hyderabad - 500025, Beside Enjoy Bakery",
Ultimo Fashions,"Shop No 31, Basement Floor, M G Road, Akbar Road, Hyderabad - 500003, Opposite To Chermas",
Eleghant Tailor,"Ground Floor Eleghant Building, Kanchan Bagh, Santosh Nagar, Hyderabad - 500059, Near Drdl Gate",
Abhi Boutique,"Plot No.4-111/1, Mettle Gym Bulding., Rampally X Road, Rampally X Road, Hyderabad - 500083, Near Rampally X Road, Mettle Gym Buliding",
Cotn Creations,"Satya Enclave, Swaroop  Nagar Road, Chiluka Nagar-Uppal, Hyderabad - 500039, Srinivasa  Heights",
Comfort Fit,"Plot No 4, Kukatpally, Hyderabad - 500072",
New Zeal Clothiers & Tailor..,"House No 3-5-1090/13, Narayanguda Main Road, Narayanguda, Hyderabad - 500029, Opposite YMCA Police Station, Pillar No 24",
Gorgeous Boutique & Tailori..,"#10-2-257, Street No.5, West Marredpally, Hyderabad - 500026, Opp Secunderabad Nursing Home",
Annula Womens World Clothin..,"101, Plot No 6 & 7, Annapurna Arcade, Main Road, AS Rao Nagar, Hyderabad - 500062, Beside Bar9, AS Rao Nagar Bus Stop",
Vijay Master Tailors,"House No 37-93-71/5, Madhura Nagar, Road No. 3 Main Road, Neredmet, Hyderabad - 500056, Opposite Ganesh Temple",
Eleghant Tailor,"Ground Floor Eleghant Building, Kanchan Bagh, Santosh Nagar, Hyderabad - 500059, Near Drdl Gate",
Ultimo Fashions,"Shop No 31, Basement Floor, M G Road, Akbar Road, Hyderabad - 500003, Opposite To Chermas",
Flora Mens Tailors,"Shop No 14 & 19, Main Road Bombay Highway, Madinaguda, Hyderabad - 500049, Beside Airtel Office, Near HDFC Bank",
Kbr Designers,"Door No 6-1-344/16, Padmaraonagar Main Road, Padmarao Nagar, Hyderabad - 500025, Beside Enjoy Bakery",
Abhi Boutique,"Plot No.4-111/1, Mettle Gym Bulding., Rampally X Road, Rampally X Road, Hyderabad - 500083, Near Rampally X Road, Mettle Gym Buliding",
Comfort Fit,"Plot No 4, Kukatpally, Hyderabad - 500072",
New Zeal Clothiers & Tailor..,"House No 3-5-1090/13, Narayanguda Main Road, Narayanguda, Hyderabad - 500029, Opposite YMCA Police Station, Pillar No 24",
Gorgeous Boutique & Tailori..,"#10-2-257, Street No.5, West Marredpally, Hyderabad - 500026, Opp Secunderabad Nursing Home",
Annula Womens World Clothin..,"101, Plot No 6 & 7, Annapurna Arcade, Main Road, AS Rao Nagar, Hyderabad - 500062, Beside Bar9, AS Rao Nagar Bus Stop",
Vijay Master Tailors,"House No 37-93-71/5, Madhura Nagar, Road No. 3 Main Road, Neredmet, Hyderabad - 500056, Opposite Ganesh Temple",
Eleghant Tailor,"Ground Floor Eleghant Building, Kanchan Bagh, Santosh Nagar, Hyderabad - 500059, Near Drdl Gate",
Tejus Designer For Ladies &..,"H No 1-8-506/5, Prakashnagar Begumpet, Prakash Nagar, Hyderabad - 500016, Near Registration Office,Lane Beside Surya Hospital",
Ultimo Fashions,"Shop No 31, Basement Floor, M G Road, Akbar Road, Hyderabad - 500003, Opposite To Chermas",
Yeomen Stitchers,"Shop No 4, Kantishikara Complex, Yashoda Hospital Lane, Punjagutta, Hyderabad - 500082, Near Hanuman Temple",
Sreeman Mens Tailor,"Shop No 1,Emerald House, S D Road, Secunderabad, Secunderabad - 500003, Beside Hotel Parklane",
Comfort Fit,"Plot No 4, Kukatpally, Hyderabad - 500072",
Gorgeous Boutique & Tailori..,"#10-2-257, Street No.5, West Marredpally, Hyderabad - 500026, Opp Secunderabad Nursing Home",
Annula Womens World Clothin..,"101, Plot No 6 & 7, Annapurna Arcade, Main Road, AS Rao Nagar, Hyderabad - 500062, Beside Bar9, AS Rao Nagar Bus Stop",
New Zeal Clothiers & Tailor..,"House No 3-5-1090/13, Narayanguda Main Road, Narayanguda, Hyderabad - 500029, Opposite YMCA Police Station, Pillar No 24",
Vijay Master Tailors,"House No 37-93-71/5, Madhura Nagar, Road No. 3 Main Road, Neredmet, Hyderabad - 500056, Opposite Ganesh Temple",
Sreeman Mens Tailor,"Shop No 1,Emerald House, S D Road, Secunderabad, Secunderabad - 500003, Beside Hotel Parklane",
Tejus Designer For Ladies &..,"H No 1-8-506/5, Prakashnagar Begumpet, Prakash Nagar, Hyderabad - 500016, Near Registration Office,Lane Beside Surya Hospital",
Yeomen Stitchers,"Shop No 4, Kantishikara Complex, Yashoda Hospital Lane, Punjagutta, Hyderabad - 500082, Near Hanuman Temple",
Flora Mens Tailors,"Shop No 14 & 19, Main Road Bombay Highway, Madinaguda, Hyderabad - 500049, Beside Airtel Office, Near HDFC Bank",
Veda Fashion Designing Bout..,"Plot No 1 Yashodha Complex, Vivekananda Nagar, Kukatpally, Hyderabad - 500072",
Comfort Fit,"Plot No 4, Kukatpally, Hyderabad - 500072",
Annula Womens World Clothin..,"101, Plot No 6 & 7, Annapurna Arcade, Main Road, AS Rao Nagar, Hyderabad - 500062, Beside Bar9, AS Rao Nagar Bus Stop",
Gorgeous Boutique & Tailori..,"#10-2-257, Street No.5, West Marredpally, Hyderabad - 500026, Opp Secunderabad Nursing Home",
New Zeal Clothiers & Tailor..,"House No 3-5-1090/13, Narayanguda Main Road, Narayanguda, Hyderabad - 500029, Opposite YMCA Police Station, Pillar No 24",
Flora Mens Tailors,"Shop No 14 & 19, Main Road Bombay Highway, Madinaguda, Hyderabad - 500049, Beside Airtel Office, Near HDFC Bank",
Sreeman Mens Tailor,"Shop No 1,Emerald House, S D Road, Secunderabad, Secunderabad - 500003, Beside Hotel Parklane",
Tejus Designer For Ladies &..,"H No 1-8-506/5, Prakashnagar Begumpet, Prakash Nagar, Hyderabad - 500016, Near Registration Office,Lane Beside Surya Hospital",
Kbr Designers,"Door No 6-1-344/16, Padmaraonagar Main Road, Padmarao Nagar, Hyderabad - 500025, Beside Enjoy Bakery",
Yeomen Stitchers,"Shop No 4, Kantishikara Complex, Yashoda Hospital Lane, Punjagutta, Hyderabad - 500082, Near Hanuman Temple",
Veda Fashion Designing Bout..,"Plot No 1 Yashodha Complex, Vivekananda Nagar, Kukatpally, Hyderabad - 500072",
Comfort Fit,"Plot No 4, Kukatpally, Hyderabad - 500072",
New Zeal Clothiers & Tailor..,"House No 3-5-1090/13, Narayanguda Main Road, Narayanguda, Hyderabad - 500029, Opposite YMCA Police Station, Pillar No 24",
Gorgeous Boutique & Tailori..,"#10-2-257, Street No.5, West Marredpally, Hyderabad - 500026, Opp Secunderabad Nursing Home",
Vijay Master Tailors,"House No 37-93-71/5, Madhura Nagar, Road No. 3 Main Road, Neredmet, Hyderabad - 500056, Opposite Ganesh Temple",
Flora Mens Tailors,"Shop No 14 & 19, Main Road Bombay Highway, Madinaguda, Hyderabad - 500049, Beside Airtel Office, Near HDFC Bank",
Ultimo Fashions,"Shop No 31, Basement Floor, M G Road, Akbar Road, Hyderabad - 500003, Opposite To Chermas",
Kbr Designers,"Door No 6-1-344/16, Padmaraonagar Main Road, Padmarao Nagar, Hyderabad - 500025, Beside Enjoy Bakery",
Eleghant Tailor,"Ground Floor Eleghant Building, Kanchan Bagh, Santosh Nagar, Hyderabad - 500059, Near Drdl Gate",
Abhi Boutique,"Plot No.4-111/1, Mettle Gym Bulding., Rampally X Road, Rampally X Road, Hyderabad - 500083, Near Rampally X Road, Mettle Gym Buliding",
Annula Womens World Clothin..,"101, Plot No 6 & 7, Annapurna Arcade, Main Road, AS Rao Nagar, Hyderabad - 500062, Beside Bar9, AS Rao Nagar Bus Stop",
Comfort Fit,"Plot No 4, Kukatpally, Hyderabad - 500072",
New Zeal Clothiers & Tailor..,"House No 3-5-1090/13, Narayanguda Main Road, Narayanguda, Hyderabad - 500029, Opposite YMCA Police Station, Pillar No 24",
Flora Mens Tailors,"Shop No 14 & 19, Main Road Bombay Highway, Madinaguda, Hyderabad - 500049, Beside Airtel Office, Near HDFC Bank",
Vijay Master Tailors,"House No 37-93-71/5, Madhura Nagar, Road No. 3 Main Road, Neredmet, Hyderabad - 500056, Opposite Ganesh Temple",
Kbr Designers,"Door No 6-1-344/16, Padmaraonagar Main Road, Padmarao Nagar, Hyderabad - 500025, Beside Enjoy Bakery",
Annula Womens World Clothin..,"101, Plot No 6 & 7, Annapurna Arcade, Main Road, AS Rao Nagar, Hyderabad - 500062, Beside Bar9, AS Rao Nagar Bus Stop",
Ultimo Fashions,"Shop No 31, Basement Floor, M G Road, Akbar Road, Hyderabad - 500003, Opposite To Chermas",
Abhi Boutique,"Plot No.4-111/1, Mettle Gym Bulding., Rampally X Road, Rampally X Road, Hyderabad - 500083, Near Rampally X Road, Mettle Gym Buliding",
Eleghant Tailor,"Ground Floor Eleghant Building, Kanchan Bagh, Santosh Nagar, Hyderabad - 500059, Near Drdl Gate",
Sreeman Mens Tailor,"Shop No 1,Emerald House, S D Road, Secunderabad, Secunderabad - 500003, Beside Hotel Parklane",
Comfort Fit,"Plot No 4, Kukatpally, Hyderabad - 500072",
New Zeal Clothiers & Tailor..,"House No 3-5-1090/13, Narayanguda Main Road, Narayanguda, Hyderabad - 500029, Opposite YMCA Police Station, Pillar No 24",
Vijay Master Tailors,"House No 37-93-71/5, Madhura Nagar, Road No. 3 Main Road, Neredmet, Hyderabad - 500056, Opposite Ganesh Temple",
Flora Mens Tailors,"Shop No 14 & 19, Main Road Bombay Highway, Madinaguda, Hyderabad - 500049, Beside Airtel Office, Near HDFC Bank",
Kbr Designers,"Door No 6-1-344/16, Padmaraonagar Main Road, Padmarao Nagar, Hyderabad - 500025, Beside Enjoy Bakery",
Ultimo Fashions,"Shop No 31, Basement Floor, M G Road, Akbar Road, Hyderabad - 500003, Opposite To Chermas",
Abhi Boutique,"Plot No.4-111/1, Mettle Gym Bulding., Rampally X Road, Rampally X Road, Hyderabad - 500083, Near Rampally X Road, Mettle Gym Buliding",
Eleghant Tailor,"Ground Floor Eleghant Building, Kanchan Bagh, Santosh Nagar, Hyderabad - 500059, Near Drdl Gate",
Annula Womens World Clothin..,"101, Plot No 6 & 7, Annapurna Arcade, Main Road, AS Rao Nagar, Hyderabad - 500062, Beside Bar9, AS Rao Nagar Bus Stop",
Gorgeous Boutique & Tailori..,"#10-2-257, Street No.5, West Marredpally, Hyderabad - 500026, Opp Secunderabad Nursing Home",
Annula Womens World Clothin..,"101, Plot No 6 & 7, Annapurna Arcade, Main Road, AS Rao Nagar, Hyderabad - 500062, Beside Bar9, AS Rao Nagar Bus Stop",
Gorgeous Boutique & Tailori..,"#10-2-257, Street No.5, West Marredpally, Hyderabad - 500026, Opp Secunderabad Nursing Home",
Flora Mens Tailors,"Shop No 14 & 19, Main Road Bombay Highway, Madinaguda, Hyderabad - 500049, Beside Airtel Office, Near HDFC Bank",
Kbr Designers,"Door No 6-1-344/16, Padmaraonagar Main Road, Padmarao Nagar, Hyderabad - 500025, Beside Enjoy Bakery",
Sreeman Mens Tailor,"Shop No 1,Emerald House, S D Road, Secunderabad, Secunderabad - 500003, Beside Hotel Parklane",
Tejus Designer For Ladies &..,"H No 1-8-506/5, Prakashnagar Begumpet, Prakash Nagar, Hyderabad - 500016, Near Registration Office,Lane Beside Surya Hospital",
Abhi Boutique,"Plot No.4-111/1, Mettle Gym Bulding., Rampally X Road, Rampally X Road, Hyderabad - 500083, Near Rampally X Road, Mettle Gym Buliding",
Yeomen Stitchers,"Shop No 4, Kantishikara Complex, Yashoda Hospital Lane, Punjagutta, Hyderabad - 500082, Near Hanuman Temple",
Ultimo Fashions,"Shop No 31, Basement Floor, M G Road, Akbar Road, Hyderabad - 500003, Opposite To Chermas",
Veda Fashion Designing Bout..,"Plot No 1 Yashodha Complex, Vivekananda Nagar, Kukatpally, Hyderabad - 500072",
Annula Womens World Clothin..,"101, Plot No 6 & 7, Annapurna Arcade, Main Road, AS Rao Nagar, Hyderabad - 500062, Beside Bar9, AS Rao Nagar Bus Stop",
Gorgeous Boutique & Tailori..,"#10-2-257, Street No.5, West Marredpally, Hyderabad - 500026, Opp Secunderabad Nursing Home",
Flora Mens Tailors,"Shop No 14 & 19, Main Road Bombay Highway, Madinaguda, Hyderabad - 500049, Beside Airtel Office, Near HDFC Bank",
Kbr Designers,"Door No 6-1-344/16, Padmaraonagar Main Road, Padmarao Nagar, Hyderabad - 500025, Beside Enjoy Bakery",
Sreeman Mens Tailor,"Shop No 1,Emerald House, S D Road, Secunderabad, Secunderabad - 500003, Beside Hotel Parklane",
Tejus Designer For Ladies &..,"H No 1-8-506/5, Prakashnagar Begumpet, Prakash Nagar, Hyderabad - 500016, Near Registration Office,Lane Beside Surya Hospital",
Abhi Boutique,"Plot No.4-111/1, Mettle Gym Bulding., Rampally X Road, Rampally X Road, Hyderabad - 500083, Near Rampally X Road, Mettle Gym Buliding",
Comfort Fit,"Plot No 4, Kukatpally, Hyderabad - 500072",
Yeomen Stitchers,"Shop No 4, Kantishikara Complex, Yashoda Hospital Lane, Punjagutta, Hyderabad - 500082, Near Hanuman Temple",
Ultimo Fashions,"Shop No 31, Basement Floor, M G Road, Akbar Road, Hyderabad - 500003, Opposite To Chermas",
Comfort Fit,"Plot No 4, Kukatpally, Hyderabad - 500072",
New Zeal Clothiers & Tailor..,"House No 3-5-1090/13, Narayanguda Main Road, Narayanguda, Hyderabad - 500029, Opposite YMCA Police Station, Pillar No 24",
Gorgeous Boutique & Tailori..,"#10-2-257, Street No.5, West Marredpally, Hyderabad - 500026, Opp Secunderabad Nursing Home",
Annula Womens World Clothin..,"101, Plot No 6 & 7, Annapurna Arcade, Main Road, AS Rao Nagar, Hyderabad - 500062, Beside Bar9, AS Rao Nagar Bus Stop",
Vijay Master Tailors,"House No 37-93-71/5, Madhura Nagar, Road No. 3 Main Road, Neredmet, Hyderabad - 500056, Opposite Ganesh Temple",
Eleghant Tailor,"Ground Floor Eleghant Building, Kanchan Bagh, Santosh Nagar, Hyderabad - 500059, Near Drdl Gate",
Ultimo Fashions,"Shop No 31, Basement Floor, M G Road, Akbar Road, Hyderabad - 500003, Opposite To Chermas",
Flora Mens Tailors,"Shop No 14 & 19, Main Road Bombay Highway, Madinaguda, Hyderabad - 500049, Beside Airtel Office, Near HDFC Bank",
Kbr Designers,"Door No 6-1-344/16, Padmaraonagar Main Road, Padmarao Nagar, Hyderabad - 500025, Beside Enjoy Bakery",
Abhi Boutique,"Plot No.4-111/1, Mettle Gym Bulding., Rampally X Road, Rampally X Road, Hyderabad - 500083, Near Rampally X Road, Mettle Gym Buliding",
Annula Womens World Clothin..,"101, Plot No 6 & 7, Annapurna Arcade, Main Road, AS Rao Nagar, Hyderabad - 500062, Beside Bar9, AS Rao Nagar Bus Stop",
Gorgeous Boutique & Tailori..,"#10-2-257, Street No.5, West Marredpally, Hyderabad - 500026, Opp Secunderabad Nursing Home",
Flora Mens Tailors,"Shop No 14 & 19, Main Road Bombay Highway, Madinaguda, Hyderabad - 500049, Beside Airtel Office, Near HDFC Bank",
Kbr Designers,"Door No 6-1-344/16, Padmaraonagar Main Road, Padmarao Nagar, Hyderabad - 500025, Beside Enjoy Bakery",
Sreeman Mens Tailor,"Shop No 1,Emerald House, S D Road, Secunderabad, Secunderabad - 500003, Beside Hotel Parklane",
Tejus Designer For Ladies &..,"H No 1-8-506/5, Prakashnagar Begumpet, Prakash Nagar, Hyderabad - 500016, Near Registration Office,Lane Beside Surya Hospital",
Abhi Boutique,"Plot No.4-111/1, Mettle Gym Bulding., Rampally X Road, Rampally X Road, Hyderabad - 500083, Near Rampally X Road, Mettle Gym Buliding",
Yeomen Stitchers,"Shop No 4, Kantishikara Complex, Yashoda Hospital Lane, Punjagutta, Hyderabad - 500082, Near Hanuman Temple",
Veda Fashion Designing Bout..,"Plot No 1 Yashodha Complex, Vivekananda Nagar, Kukatpally, Hyderabad - 500072",
Ultimo Fashions,"Shop No 31, Basement Floor, M G Road, Akbar Road, Hyderabad - 500003, Opposite To Chermas",
Comfort Fit,"Plot No 4, Kukatpally, Hyderabad - 500072",
New Zeal Clothiers & Tailor..,"House No 3-5-1090/13, Narayanguda Main Road, Narayanguda, Hyderabad - 500029, Opposite YMCA Police Station, Pillar No 24",
Gorgeous Boutique & Tailori..,"#10-2-257, Street No.5, West Marredpally, Hyderabad - 500026, Opp Secunderabad Nursing Home",
Vijay Master Tailors,"House No 37-93-71/5, Madhura Nagar, Road No. 3 Main Road, Neredmet, Hyderabad - 500056, Opposite Ganesh Temple",
Flora Mens Tailors,"Shop No 14 & 19, Main Road Bombay Highway, Madinaguda, Hyderabad - 500049, Beside Airtel Office, Near HDFC Bank",
Ultimo Fashions,"Shop No 31, Basement Floor, M G Road, Akbar Road, Hyderabad - 500003, Opposite To Chermas",
Kbr Designers,"Door No 6-1-344/16, Padmaraonagar Main Road, Padmarao Nagar, Hyderabad - 500025, Beside Enjoy Bakery",
Eleghant Tailor,"Ground Floor Eleghant Building, Kanchan Bagh, Santosh Nagar, Hyderabad - 500059, Near Drdl Gate",
Annula Womens World Clothin..,"101, Plot No 6 & 7, Annapurna Arcade, Main Road, AS Rao Nagar, Hyderabad - 500062, Beside Bar9, AS Rao Nagar Bus Stop",
Abhi Boutique,"Plot No.4-111/1, Mettle Gym Bulding., Rampally X Road, Rampally X Road, Hyderabad - 500083, Near Rampally X Road, Mettle Gym Buliding",
Annula Womens World Clothin..,"101, Plot No 6 & 7, Annapurna Arcade, Main Road, AS Rao Nagar, Hyderabad - 500062, Beside Bar9, AS Rao Nagar Bus Stop",
Gorgeous Boutique & Tailori..,"#10-2-257, Street No.5, West Marredpally, Hyderabad - 500026, Opp Secunderabad Nursing Home",
Flora Mens Tailors,"Shop No 14 & 19, Main Road Bombay Highway, Madinaguda, Hyderabad - 500049, Beside Airtel Office, Near HDFC Bank",
Kbr Designers,"Door No 6-1-344/16, Padmaraonagar Main Road, Padmarao Nagar, Hyderabad - 500025, Beside Enjoy Bakery",
Sreeman Mens Tailor,"Shop No 1,Emerald House, S D Road, Secunderabad, Secunderabad - 500003, Beside Hotel Parklane",
Tejus Designer For Ladies &..,"H No 1-8-506/5, Prakashnagar Begumpet, Prakash Nagar, Hyderabad - 500016, Near Registration Office,Lane Beside Surya Hospital",
Abhi Boutique,"Plot No.4-111/1, Mettle Gym Bulding., Rampally X Road, Rampally X Road, Hyderabad - 500083, Near Rampally X Road, Mettle Gym Buliding",
Yeomen Stitchers,"Shop No 4, Kantishikara Complex, Yashoda Hospital Lane, Punjagutta, Hyderabad - 500082, Near Hanuman Temple",
Ultimo Fashions,"Shop No 31, Basement Floor, M G Road, Akbar Road, Hyderabad - 500003, Opposite To Chermas",
Veda Fashion Designing Bout..,"Plot No 1 Yashodha Complex, Vivekananda Nagar, Kukatpally, Hyderabad - 500072",
Annula Womens World Clothin..,"101, Plot No 6 & 7, Annapurna Arcade, Main Road, AS Rao Nagar, Hyderabad - 500062, Beside Bar9, AS Rao Nagar Bus Stop",
Gorgeous Boutique & Tailori..,"#10-2-257, Street No.5, West Marredpally, Hyderabad - 500026, Opp Secunderabad Nursing Home",
Flora Mens Tailors,"Shop No 14 & 19, Main Road Bombay Highway, Madinaguda, Hyderabad - 500049, Beside Airtel Office, Near HDFC Bank",
Kbr Designers,"Door No 6-1-344/16, Padmaraonagar Main Road, Padmarao Nagar, Hyderabad - 500025, Beside Enjoy Bakery",
Sreeman Mens Tailor,"Shop No 1,Emerald House, S D Road, Secunderabad, Secunderabad - 500003, Beside Hotel Parklane",
Tejus Designer For Ladies &..,"H No 1-8-506/5, Prakashnagar Begumpet, Prakash Nagar, Hyderabad - 500016, Near Registration Office,Lane Beside Surya Hospital",
Abhi Boutique,"Plot No.4-111/1, Mettle Gym Bulding., Rampally X Road, Rampally X Road, Hyderabad - 500083, Near Rampally X Road, Mettle Gym Buliding",
Yeomen Stitchers,"Shop No 4, Kantishikara Complex, Yashoda Hospital Lane, Punjagutta, Hyderabad - 500082, Near Hanuman Temple",
Veda Fashion Designing Bout..,"Plot No 1 Yashodha Complex, Vivekananda Nagar, Kukatpally, Hyderabad - 500072",
Ultimo Fashions,"Shop No 31, Basement Floor, M G Road, Akbar Road, Hyderabad - 500003, Opposite To Chermas",
Annula Womens World Clothin..,"101, Plot No 6 & 7, Annapurna Arcade, Main Road, AS Rao Nagar, Hyderabad - 500062, Beside Bar9, AS Rao Nagar Bus Stop",
Gorgeous Boutique & Tailori..,"#10-2-257, Street No.5, West Marredpally, Hyderabad - 500026, Opp Secunderabad Nursing Home",
Flora Mens Tailors,"Shop No 14 & 19, Main Road Bombay Highway, Madinaguda, Hyderabad - 500049, Beside Airtel Office, Near HDFC Bank",
Comfort Fit,"Plot No 4, Kukatpally, Hyderabad - 500072",
Sreeman Mens Tailor,"Shop No 1,Emerald House, S D Road, Secunderabad, Secunderabad - 500003, Beside Hotel Parklane",
Kbr Designers,"Door No 6-1-344/16, Padmaraonagar Main Road, Padmarao Nagar, Hyderabad - 500025, Beside Enjoy Bakery",
Tejus Designer For Ladies &..,"H No 1-8-506/5, Prakashnagar Begumpet, Prakash Nagar, Hyderabad - 500016, Near Registration Office,Lane Beside Surya Hospital",
New Zeal Clothiers & Tailor..,"House No 3-5-1090/13, Narayanguda Main Road, Narayanguda, Hyderabad - 500029, Opposite YMCA Police Station, Pillar No 24",
Abhi Boutique,"Plot No.4-111/1, Mettle Gym Bulding., Rampally X Road, Rampally X Road, Hyderabad - 500083, Near Rampally X Road, Mettle Gym Buliding",
Yeomen Stitchers,"Shop No 4, Kantishikara Complex, Yashoda Hospital Lane, Punjagutta, Hyderabad - 500082, Near Hanuman Temple",
Annula Womens World Clothin..,"101, Plot No 6 & 7, Annapurna Arcade, Main Road, AS Rao Nagar, Hyderabad - 500062, Beside Bar9, AS Rao Nagar Bus Stop",
Gorgeous Boutique & Tailori..,"#10-2-257, Street No.5, West Marredpally, Hyderabad - 500026, Opp Secunderabad Nursing Home",
Flora Mens Tailors,"Shop No 14 & 19, Main Road Bombay Highway, Madinaguda, Hyderabad - 500049, Beside Airtel Office, Near HDFC Bank",
Kbr Designers,"Door No 6-1-344/16, Padmaraonagar Main Road, Padmarao Nagar, Hyderabad - 500025, Beside Enjoy Bakery",
Sreeman Mens Tailor,"Shop No 1,Emerald House, S D Road, Secunderabad, Secunderabad - 500003, Beside Hotel Parklane",
Comfort Fit,"Plot No 4, Kukatpally, Hyderabad - 500072",
Tejus Designer For Ladies &..,"H No 1-8-506/5, Prakashnagar Begumpet, Prakash Nagar, Hyderabad - 500016, Near Registration Office,Lane Beside Surya Hospital",
Abhi Boutique,"Plot No.4-111/1, Mettle Gym Bulding., Rampally X Road, Rampally X Road, Hyderabad - 500083, Near Rampally X Road, Mettle Gym Buliding",
Yeomen Stitchers,"Shop No 4, Kantishikara Complex, Yashoda Hospital Lane, Punjagutta, Hyderabad - 500082, Near Hanuman Temple",
New Zeal Clothiers & Tailor..,"House No 3-5-1090/13, Narayanguda Main Road, Narayanguda, Hyderabad - 500029, Opposite YMCA Police Station, Pillar No 24",
Comfort Fit,"Plot No 4, Kukatpally, Hyderabad - 500072",
New Zeal Clothiers & Tailor..,"House No 3-5-1090/13, Narayanguda Main Road, Narayanguda, Hyderabad - 500029, Opposite YMCA Police Station, Pillar No 24",
Gorgeous Boutique & Tailori..,"#10-2-257, Street No.5, West Marredpally, Hyderabad - 500026, Opp Secunderabad Nursing Home",
Vijay Master Tailors,"House No 37-93-71/5, Madhura Nagar, Road No. 3 Main Road, Neredmet, Hyderabad - 500056, Opposite Ganesh Temple",
Annula Womens World Clothin..,"101, Plot No 6 & 7, Annapurna Arcade, Main Road, AS Rao Nagar, Hyderabad - 500062, Beside Bar9, AS Rao Nagar Bus Stop",
Ultimo Fashions,"Shop No 31, Basement Floor, M G Road, Akbar Road, Hyderabad - 500003, Opposite To Chermas",
Eleghant Tailor,"Ground Floor Eleghant Building, Kanchan Bagh, Santosh Nagar, Hyderabad - 500059, Near Drdl Gate",
Flora Mens Tailors,"Shop No 14 & 19, Main Road Bombay Highway, Madinaguda, Hyderabad - 500049, Beside Airtel Office, Near HDFC Bank",
Kbr Designers,"Door No 6-1-344/16, Padmaraonagar Main Road, Padmarao Nagar, Hyderabad - 500025, Beside Enjoy Bakery",
Abhi Boutique,"Plot No.4-111/1, Mettle Gym Bulding., Rampally X Road, Rampally X Road, Hyderabad - 500083, Near Rampally X Road, Mettle Gym Buliding",
Comfort Fit,"Plot No 4, Kukatpally, Hyderabad - 500072",
New Zeal Clothiers & Tailor..,"House No 3-5-1090/13, Narayanguda Main Road, Narayanguda, Hyderabad - 500029, Opposite YMCA Police Station, Pillar No 24",
Flora Mens Tailors,"Shop No 14 & 19, Main Road Bombay Highway, Madinaguda, Hyderabad - 500049, Beside Airtel Office, Near HDFC Bank",
Vijay Master Tailors,"House No 37-93-71/5, Madhura Nagar, Road No. 3 Main Road, Neredmet, Hyderabad - 500056, Opposite Ganesh Temple",
Kbr Designers,"Door No 6-1-344/16, Padmaraonagar Main Road, Padmarao Nagar, Hyderabad - 500025, Beside Enjoy Bakery",
Annula Womens World Clothin..,"101, Plot No 6 & 7, Annapurna Arcade, Main Road, AS Rao Nagar, Hyderabad - 500062, Beside Bar9, AS Rao Nagar Bus Stop",
Ultimo Fashions,"Shop No 31, Basement Floor, M G Road, Akbar Road, Hyderabad - 500003, Opposite To Chermas",
Abhi Boutique,"Plot No.4-111/1, Mettle Gym Bulding., Rampally X Road, Rampally X Road, Hyderabad - 500083, Near Rampally X Road, Mettle Gym Buliding",
Eleghant Tailor,"Ground Floor Eleghant Building, Kanchan Bagh, Santosh Nagar, Hyderabad - 500059, Near Drdl Gate",
Cotn Creations,"Satya Enclave, Swaroop  Nagar Road, Chiluka Nagar-Uppal, Hyderabad - 500039, Srinivasa  Heights",
